{
  "alpha": 0.01,
  "classes": [
    "ChatGPT",
    "Claude",
    "Gemini"
  ],
  "class_priors": {
    "ChatGPT": 0.3559870550161812,
    "Claude": 0.32362459546925565,
    "Gemini": 0.32038834951456313
  },
  "feature_likelihoods": {
    "ChatGPT": {
      "4": {
        "0": 0.7227070266339423,
        "1": 0.2772929733660576
      },
      "5": {
        "0": 0.13185164985001363,
        "1": 0.8681483501499863
      },
      "6": {
        "0": 0.7817925643123351,
        "1": 0.21820743568766474
      },
      "7": {
        "0": 0.5409053722388873,
        "1": 0.45909462776111265
      },
      "8": {
        "0": 0.5,
        "1": 0.5
      },
      "9": {
        "0": 0.8954185983092445,
        "1": 0.10458140169075539
      },
      "10": {
        "0": 0.2636578492864285,
        "1": 0.7363421507135715
      },
      "11": {
        "0": 0.44091446232160714,
        "1": 0.5590855376783929
      }
    },
    "Claude": {
      "4": {
        "0": 0.574992500749925,
        "1": 0.42500749925007497
      },
      "5": {
        "0": 0.64998500149985,
        "1": 0.35001499850015
      },
      "6": {
        "0": 0.704979502049795,
        "1": 0.29502049795020496
      },
      "7": {
        "0": 0.31001899810018996,
        "1": 0.6899810018998099
      },
      "8": {
        "0": 0.764973502649735,
        "1": 0.23502649735026496
      },
      "9": {
        "0": 0.7599740025997399,
        "1": 0.24002599740025996
      },
      "10": {
        "0": 0.554994500549945,
        "1": 0.445005499450055
      },
      "11": {
        "0": 0.6999800019997999,
        "1": 0.30001999800019996
      }
    },
    "Gemini": {
      "4": {
        "0": 0.707049792950207,
        "1": 0.2929502070497929
      },
      "5": {
        "0": 0.5151499848500152,
        "1": 0.4848500151499848
      },
      "6": {
        "0": 0.7979497020502979,
        "1": 0.20205029794970203
      },
      "7": {
        "0": 0.6716998283001716,
        "1": 0.32830017169982834
      },
      "8": {
        "0": 0.6464498535501464,
        "1": 0.35355014644985355
      },
      "9": {
        "0": 0.7979497020502979,
        "1": 0.20205029794970203
      },
      "10": {
        "0": 0.4495000504999495,
        "1": 0.5504999495000505
      },
      "11": {
        "0": 0.5403999596000404,
        "1": 0.4596000403999596
      }
    }
  },
  "numerical_params": {
    "ChatGPT": {
      "0": {
        "mean": 3.868181818181818,
        "std": 0.922392340551269
      },
      "1": {
        "mean": 3.2772727272727273,
        "std": 0.6811976864422012
      },
      "2": {
        "mean": 2.922727272727273,
        "std": 1.0306370869878625
      },
      "3": {
        "mean": 3.659090909090909,
        "std": 1.0167512110821206
      }
    },
    "Claude": {
      "0": {
        "mean": 2.645,
        "std": 1.17429866243487
      },
      "1": {
        "mean": 2.61,
        "std": 0.7986874215698174
      },
      "2": {
        "mean": 2.585,
        "std": 1.0162563812895653
      },
      "3": {
        "mean": 3.035,
        "std": 1.2262860402740792
      }
    },
    "Gemini": {
      "0": {
        "mean": 2.4646464646464645,
        "std": 1.126478761760092
      },
      "1": {
        "mean": 2.808080808080808,
        "std": 0.9500330853355552
      },
      "2": {
        "mean": 2.9444444444444446,
        "std": 1.2398871321310734
      },
      "3": {
        "mean": 3.005050505050505,
        "std": 1.2851039701599345
      }
    }
  }
}