{
  "alpha": 0.01,
  "classes": [
    "ChatGPT",
    "Claude",
    "Gemini"
  ],
  "class_priors": {
    "ChatGPT": 0.3563402889245586,
    "Claude": 0.32263242375601925,
    "Gemini": 0.32102728731942215
  },
  "feature_likelihoods": {
    "ChatGPT": {
      "4": {
        "0": 0.7252049364922079,
        "1": 0.2747950635077921
      },
      "5": {
        "0": 0.13066390415277904,
        "1": 0.8693360958472209
      },
      "6": {
        "0": 0.7837582199801819,
        "1": 0.216241780019818
      },
      "7": {
        "0": 0.5450409872984415,
        "1": 0.4549590127015584
      },
      "8": {
        "0": 0.49549590127015586,
        "1": 0.5045040987298441
      },
      "9": {
        "0": 0.8963606882262858,
        "1": 0.10363931177371408
      },
      "10": {
        "0": 0.26578686604810375,
        "1": 0.7342131339518961
      },
      "11": {
        "0": 0.4369426177821818,
        "1": 0.5630573822178182
      }
    },
    "Claude": {
      "4": {
        "0": 0.5771067555467118,
        "1": 0.42289324445328824
      },
      "5": {
        "0": 0.6517261963983683,
        "1": 0.3482738036016317
      },
      "6": {
        "0": 0.6964978609093622,
        "1": 0.3035021390906377
      },
      "7": {
        "0": 0.3084767684807482,
        "1": 0.6915232315192518
      },
      "8": {
        "0": 0.7561934135906874,
        "1": 0.2438065864093125
      },
      "9": {
        "0": 0.7561934135906874,
        "1": 0.2438065864093125
      },
      "10": {
        "0": 0.5572082379862701,
        "1": 0.44279176201373
      },
      "11": {
        "0": 0.6964978609093622,
        "1": 0.3035021390906377
      }
    },
    "Gemini": {
      "4": {
        "0": 0.7099790020997899,
        "1": 0.29002099790020996
      },
      "5": {
        "0": 0.514998500149985,
        "1": 0.485001499850015
      },
      "6": {
        "0": 0.7999700029996999,
        "1": 0.20002999700029994
      },
      "7": {
        "0": 0.674982501749825,
        "1": 0.325017498250175
      },
      "8": {
        "0": 0.6449855014498549,
        "1": 0.355014498550145
      },
      "9": {
        "0": 0.7999700029996999,
        "1": 0.20002999700029994
      },
      "10": {
        "0": 0.445005499450055,
        "1": 0.554994500549945
      },
      "11": {
        "0": 0.534996500349965,
        "1": 0.465003499650035
      }
    }
  },
  "numerical_params": {
    "ChatGPT": {
      "0": {
        "mean": 3.873873873873874,
        "std": 0.9213896613005835
      },
      "1": {
        "mean": 3.2837837837837838,
        "std": 0.6815520319164688
      },
      "2": {
        "mean": 2.9144144144144146,
        "std": 1.0340472678799963
      },
      "3": {
        "mean": 3.6576576576576576,
        "std": 1.0222357493612806
      }
    },
    "Claude": {
      "0": {
        "mean": 2.6417910447761193,
        "std": 1.16373353330567
      },
      "1": {
        "mean": 2.616915422885572,
        "std": 0.8026783840693801
      },
      "2": {
        "mean": 2.582089552238806,
        "std": 1.014560489214174
      },
      "3": {
        "mean": 3.029850746268657,
        "std": 1.2334907618742916
      }
    },
    "Gemini": {
      "0": {
        "mean": 2.46,
        "std": 1.1262336580240868
      },
      "1": {
        "mean": 2.8,
        "std": 0.9539402014169457
      },
      "2": {
        "mean": 2.94,
        "std": 1.243544324536785
      },
      "3": {
        "mean": 3.005,
        "std": 1.2942092521758235
      }
    }
  }
}